{"sut_name":"AAA_Original","sut_training":0,"dataset":"test","len_d":12630,"len_t":353390,"avg_classes_distance":[42.560001373291016,74.97000122070312,62.040000915527344,44.439998626708984,41.95000076293945,55.939998626708984,31.360000610351562,41.880001068115234,35.849998474121094,29.780000686645508,34.459999084472656,45.47999954223633,70.80000305175781,38.56999969482422,20.979999542236328,24.190000534057617,19.860000610351562,27.799999237060547,63.22999954223633,50.349998474121094,48.689998626708984,49.90999984741211,47.220001220703125,34.59000015258789,29.520000457763672,50.09000015258789,47.9900016784668,49.400001525878906,34.369998931884766,29.959999084472656,42.029998779296875,41.20000076293945,29.979999542236328,31.1299991607666,55.439998626708984,39.0,27.899999618530273,39.29999923706055,44.220001220703125,47.9900016784668,32.38999938964844,42.619998931884766,37.58000183105469],"avg":41.60488377061001}
{"sut_name":"AddTrainingNoise_0","sut_training":0,"dataset":"test","len_d":12630,"len_t":353390,"avg_classes_distance":[398.1000061035156,432.3800048828125,428.2200012207031,515.219970703125,309.8500061035156,487.7300109863281,557.22998046875,712.5,429.5899963378906,529.0800170898438,524.6599731445312,1389.5699462890625,531.969970703125,600.5700073242188,718.5399780273438,532.8800048828125,1066.9200439453125,512.5700073242188,712.9199829101562,333.92999267578125,859.530029296875,602.0,539.4000244140625,595.4600219726562,930.2899780273438,768.4000244140625,838.3200073242188,603.7899780273438,586.1599731445312,587.1900024414062,326.42999267578125,760.969970703125,545.0700073242188,415.6199951171875,202.1999969482422,273.7300109863281,287.5899963378906,483.75,419.3299865722656,119.9000015258789,567.989990234375,995.6500244140625,726.469970703125],"avg":575.8062763657681}
{"sut_name":"ChangeEpochs_0","sut_training":0,"dataset":"test","len_d":12630,"len_t":353390,"avg_classes_distance":[9.210000038146973,12.170000076293945,12.869999885559082,12.600000381469727,11.649999618530273,13.8100004196167,11.329999923706055,13.369999885559082,10.470000267028809,10.579999923706055,11.489999771118164,13.930000305175781,13.279999732971191,9.510000228881836,7.989999771118164,7.829999923706055,11.630000114440918,8.720000267028809,17.920000076293945,18.100000381469727,15.4399995803833,15.329999923706055,10.350000381469727,15.899999618530273,10.850000381469727,17.68000030517578,12.850000381469727,14.170000076293945,10.979999542236328,10.449999809265137,13.449999809265137,11.90999984741211,10.930000305175781,11.670000076293945,12.1899995803833,14.010000228881836,8.220000267028809,9.729999542236328,14.270000457763672,10.850000381469727,12.09000015258789,18.329999923706055,8.819999694824219],"avg":12.300697703694189}
{"sut_name":"ChangeLoss_0","sut_training":0,"dataset":"test","len_d":12630,"len_t":353390,"avg_classes_distance":[0.0,0.0,0.0,0.0,0.0,0.0,0.0,0.0,0.0,0.0,0.0,0.0,0.0,0.0,0.0,0.0,0.0,0.0,0.0,0.0,0.0,0.0,0.0,0.0,0.0,0.0,0.0,0.0,0.0,0.0,0.0,0.0,0.0,0.0,0.0,0.0,0.0,0.0,0.0,0.0,0.0,0.0,0.0],"avg":0.0}
{"sut_name":"ChangeMoreLabels_0","sut_training":0,"dataset":"test","len_d":12630,"len_t":353390,"avg_classes_distance":[1.75,29.0,38.810001373291016,29.760000228881836,21.540000915527344,29.809999465942383,26.190000534057617,33.72999954223633,27.299999237060547,26.350000381469727,37.95000076293945,42.119998931884766,68.41000366210938,33.18000030517578,15.789999961853027,20.600000381469727,24.760000228881836,23.020000457763672,52.7599983215332,29.6200008392334,50.45000076293945,38.06999969482422,40.95000076293945,34.0,26.81999969482422,52.79999923706055,35.029998779296875,48.0,31.010000228881836,29.079999923706055,37.099998474121094,31.15999984741211,23.049999237060547,31.56999969482422,27.799999237060547,31.1200008392334,26.520000457763672,23.15999984741211,37.91999816894531,38.34000015258789,40.13999938964844,36.720001220703125,35.349998474121094],"avg":32.99093022457389}
{"sut_name":"RemoveBatchNorm_0","sut_training":0,"dataset":"test","len_d":12630,"len_t":353390,"avg_classes_distance":[47.25,63.77000045776367,60.31999969482422,39.650001525878906,40.720001220703125,44.09000015258789,32.90999984741211,38.869998931884766,35.529998779296875,30.540000915527344,39.06999969482422,52.029998779296875,69.30000305175781,34.31999969482422,22.030000686645508,24.350000381469727,23.260000228881836,28.809999465942383,56.290000915527344,49.900001525878906,67.55000305175781,55.88999938964844,40.220001220703125,42.95000076293945,32.689998626708984,55.310001373291016,54.689998626708984,53.209999084472656,42.52000045776367,31.3799991607666,36.91999816894531,34.380001068115234,34.939998626708984,34.029998779296875,56.380001068115234,36.88999938964844,39.93000030517578,26.6299991607666,48.439998626708984,62.150001525878906,34.65999984741211,43.0,36.33000183105469],"avg":42.653488514035246}
{"sut_name":"AAA_Original","sut_training":0,"dataset":"fuzzing","len_d":7204,"len_t":353390,"avg_classes_distance":[127.56999969482422,192.1300048828125,154.77999877929688,144.36000061035156,174.91000366210938,135.2899932861328,80.87999725341797,156.9199981689453,134.16000366210938,127.0999984741211,149.47000122070312,161.11000061035156,158.47000122070312,100.63999938964844,79.7300033569336,69.0199966430664,83.80000305175781,85.4000015258789,160.1699981689453,130.89999389648438,85.9000015258789,112.44000244140625,94.51000213623047,104.0,107.27999877929688,120.0199966430664,105.87999725341797,117.61000061035156,109.80000305175781,64.91000366210938,118.87000274658203,139.30999755859375,60.97999954223633,79.62000274658203,88.05999755859375,136.11000061035156,89.27999877929688,76.41999816894531,106.44000244140625,100.55000305175781,57.58000183105469,76.91999816894531,58.459999084472656],"avg":112.04093037095181}
{"sut_name":"AddTrainingNoise_0","sut_training":0,"dataset":"fuzzing","len_d":7204,"len_t":353390,"avg_classes_distance":[255.9499969482422,287.1099853515625,269.07000732421875,320.0199890136719,524.8099975585938,489.4800109863281,327.8900146484375,255.66000366210938,231.1699981689453,320.1099853515625,551.0999755859375,410.9599914550781,562.1599731445312,858.989990234375,453.75,350.67999267578125,742.739990234375,1070.18994140625,444.54998779296875,237.88999938964844,708.780029296875,597.9500122070312,295.57000732421875,207.08999633789062,850.8599853515625,446.1499938964844,661.239990234375,523.1699829101562,396.6199951171875,433.82000732421875,190.77999877929688,295.5,470.3500061035156,323.1099853515625,449.010009765625,380.94000244140625,352.6000061035156,205.6199951171875,661.4500122070312,233.85000610351562,539.260009765625,751.8800048828125,392.0],"avg":449.5786015710165}
{"sut_name":"ChangeEpochs_0","sut_training":0,"dataset":"fuzzing","len_d":7204,"len_t":353390,"avg_classes_distance":[27.3799991607666,31.18000030517578,29.25,26.989999771118164,29.450000762939453,30.09000015258789,24.040000915527344,29.8700008392334,24.420000076293945,31.90999984741211,29.639999389648438,33.599998474121094,26.049999237060547,23.579999923706055,22.049999237060547,20.8700008392334,36.72999954223633,23.959999084472656,34.93000030517578,29.459999084472656,28.049999237060547,31.360000610351562,20.709999084472656,32.52000045776367,23.579999923706055,30.360000610351562,24.729999542236328,32.119998931884766,26.6200008392334,20.329999923706055,27.1299991607666,25.899999618530273,29.579999923706055,21.06999969482422,21.079999923706055,30.280000686645508,25.530000686645508,18.389999389648438,28.549999237060547,20.760000228881836,18.81999969482422,29.950000762939453,17.489999771118164],"avg":26.75255802065827}
{"sut_name":"ChangeLoss_0","sut_training":0,"dataset":"fuzzing","len_d":7204,"len_t":353390,"avg_classes_distance":[0.0,0.0,0.0,0.0,0.0,0.0,0.0,0.0,0.0,0.0,0.0,0.0,0.0,0.0,0.0,0.0,0.0,0.0,0.0,0.0,0.0,0.0,0.0,0.0,0.0,0.0,0.0,0.0,0.0,0.0,0.0,0.0,0.0,0.0,0.0,0.0,0.0,0.0,0.0,0.0,0.0,0.0,0.0],"avg":0.0}
{"sut_name":"ChangeMoreLabels_0","sut_training":0,"dataset":"fuzzing","len_d":7204,"len_t":353390,