{
  "meta_medium":	116438.07885742188,
"meta_triangle":	111723.81002807617,
"meta_red_circle":	101443.25218200684,
"meta_simple":	94249.25729370117,
"meta_strange":	94023.47581481934,
"meta_blue_circle":	62778.8571472168,
"meta_overlay":	53818.81672668457,
"meta_sign":	26336.18316268921,
"meta_shadow":	15898.996479034424,
"otrain":	2970.8542585372925,
"mtrain":	908.7560839653015,
"test":	118.52521777153015,
"nc":	25.224074840545654,
"nbc":	23.03242015838623,
"kmnc":	22.65690302848816,
  "training": 376400.94080734253
}